,Zone1Power,Zone2Power,Zone3Power,Zone4Power,Total Power
0,38.2,14.3,0.0,46.8,99.3
1,38.2,14.3,0.0,46.8,99.3
2,38.2,14.3,0.0,46.8,99.3
3,38.2,14.3,0.0,46.8,99.3
4,38.2,14.3,0.0,46.8,99.3
5,38.2,14.3,0.0,46.8,99.3
6,38.2,14.3,0.0,46.8,99.3
7,38.2,14.3,0.0,46.8,99.3
8,38.2,14.3,0.0,46.8,99.3
9,38.2,14.3,0.0,46.8,99.3
10,38.2,14.3,0.0,46.8,99.3
11,38.2,14.3,0.0,46.8,99.3
12,38.2,14.3,0.0,46.8,99.3
13,38.2,14.3,0.0,46.8,99.3
14,38.2,14.3,0.0,46.8,99.3
15,38.2,14.3,0.0,46.8,99.3
16,38.2,14.3,0.0,46.8,99.3
17,38.2,14.3,0.0,46.8,99.3
18,38.2,14.3,0.0,46.8,99.3
19,38.2,14.3,0.0,46.8,99.3
20,38.2,14.3,0.0,46.8,99.3
21,38.2,14.3,0.0,46.8,99.3
22,38.2,14.3,0.0,46.8,99.3
23,38.2,14.3,0.0,46.8,99.3
24,38.2,14.3,0.0,46.8,99.3
25,38.2,14.3,0.0,46.8,99.3
26,38.2,14.3,0.0,46.8,99.3
27,38.2,14.3,0.0,46.8,99.3
28,38.2,14.3,0.0,46.8,99.3
29,38.2,14.6,0.0,46.8,99.6
30,38.2,14.6,0.0,46.8,99.6
31,38.2,14.6,0.0,46.8,99.6
32,38.2,14.6,0.0,46.8,99.6
33,38.2,14.6,0.0,46.8,99.6
34,38.2,14.6,0.0,46.8,99.6
35,38.2,14.6,0.0,46.8,99.6
36,38.2,14.6,0.0,46.8,99.6
37,38.2,14.6,0.0,46.8,99.6
38,38.2,14.6,0.0,46.8,99.6
39,38.2,14.6,0.0,45.2,98.0
40,38.2,14.6,0.0,45.2,98.0
41,38.2,14.6,0.0,45.2,98.0
42,38.2,14.6,0.0,45.2,98.0
43,38.2,14.6,0.0,45.2,98.0
44,38.2,14.6,0.0,45.2,98.0
45,38.2,14.6,0.0,45.2,98.0
46,38.2,14.6,0.0,45.2,98.0
47,38.2,14.6,0.0,45.2,98.0
48,38.2,14.6,0.0,45.2,98.0
49,38.2,14.6,0.0,45.2,98.0
50,38.2,14.6,0.0,45.2,98.0
51,38.2,14.6,0.0,45.2,98.0
52,38.2,14.6,0.0,45.2,98.0
53,38.2,14.6,0.0,45.2,98.0
54,38.2,14.6,0.0,45.2,98.0
55,38.2,14.6,0.0,45.2,98.0
56,38.2,14.6,0.0,45.2,98.0
57,38.2,14.6,0.0,45.2,98.0
58,38.2,14.6,0.0,45.2,98.0
59,38.2,14.6,0.0,45.2,98.0
60,38.2,14.6,0.0,45.2,98.0
61,38.2,14.6,0.0,45.2,98.0
62,38.2,14.6,0.0,45.2,98.0
63,38.2,14.6,0.0,45.2,98.0
64,38.2,14.6,0.0,45.2,98.0
65,38.2,14.6,0.0,45.2,98.0
66,38.2,14.6,0.0,46.6,99.4
67,38.2,14.6,0.0,46.6,99.4
68,38.2,14.6,0.0,46.6,99.4
69,38.2,14.6,0.0,46.6,99.4
70,38.2,14.6,0.0,46.6,99.4
71,38.2,17.5,0.0,46.6,102.30000000000001
72,38.2,17.5,0.0,46.6,102.30000000000001
73,38.2,17.5,0.0,46.6,102.30000000000001
74,38.2,17.5,0.0,46.6,102.30000000000001
75,38.2,17.5,0.0,46.6,102.30000000000001
76,38.2,17.5,0.0,46.6,102.30000000000001
77,38.2,17.5,0.0,46.6,102.30000000000001
78,38.2,17.5,0.0,46.6,102.30000000000001
79,38.2,17.5,0.0,46.6,102.30000000000001
80,38.2,17.5,0.0,46.6,102.30000000000001
81,38.2,17.5,0.0,46.6,102.30000000000001
82,38.2,17.5,0.0,46.6,102.30000000000001
83,38.2,17.5,0.0,46.6,102.30000000000001
84,38.2,17.5,0.0,46.6,102.30000000000001
85,38.2,17.5,0.0,46.6,102.30000000000001
86,38.2,17.5,0.0,46.6,102.30000000000001
87,38.2,17.5,0.0,46.6,102.30000000000001
88,38.2,17.5,0.0,46.6,102.30000000000001
89,38.2,17.5,0.0,46.6,102.30000000000001
90,38.2,17.5,0.0,46.6,102.30000000000001
91,38.2,17.5,0.0,46.6,102.30000000000001
92,38.2,17.5,0.0,46.6,102.30000000000001
93,38.2,17.5,0.0,46.7,102.4
94,38.2,17.5,0.0,46.7,102.4
95,38.2,17.5,0.0,46.7,102.4
96,38.2,17.5,0.0,46.7,102.4
97,38.2,17.5,0.0,46.7,102.4
98,38.2,17.5,0.0,46.7,102.4
99,38.2,19.1,0.0,46.7,104.0
100,38.2,19.1,0.0,46.7,104.0
101,38.2,19.1,0.0,46.7,104.0
102,38.2,19.1,0.0,46.7,104.0
103,38.2,19.1,0.0,46.7,104.0
104,38.2,19.1,0.0,46.7,104.0
105,38.2,19.1,0.0,46.7,104.0
106,38.2,19.1,0.0,46.7,104.0
107,38.2,19.1,0.0,46.7,104.0
108,38.2,19.1,0.0,46.7,104.0
109,38.2,19.1,0.0,46.7,104.0
110,38.2,19.1,0.0,46.7,104.0
111,38.2,19.1,0.0,46.7,104.0
112,38.2,19.1,0.0,46.7,104.0
113,38.2,19.1,0.0,46.7,104.0
114,38.2,19.1,0.0,46.7,104.0
115,38.2,19.1,0.0,46.7,104.0
116,38.2,19.1,0.0,43.3,100.6
117,38.2,19.1,0.0,43.3,100.6
118,38.2,19.1,0.0,43.3,100.6
119,38.2,19.1,0.0,43.3,100.6
120,38.2,19.1,0.0,43.3,100.6
121,38.2,19.1,0.0,43.3,100.6
122,38.2,19.1,0.0,43.3,100.6
123,38.2,19.1,0.0,43.3,100.6
124,38.2,18.0,0.0,43.3,99.5
125,38.2,18.0,0.0,43.3,99.5
126,38.2,18.0,0.0,43.3,99.5
127,38.2,18.0,0.0,43.3,99.5
128,38.2,18.0,0.0,43.3,99.5
129,38.2,18.0,0.0,43.3,99.5
130,38.2,18.0,0.0,43.3,99.5
131,38.2,18.0,0.0,43.3,99.5
132,38.2,18.0,0.0,43.3,99.5
133,38.2,18.0,0.0,43.3,99.5
134,38.2,18.0,0.0,43.3,99.5
135,38.2,18.0,0.0,43.3,99.5
136,38.2,18.0,0.0,43.3,99.5
137,38.2,18.0,0.0,43.3,99.5
138,38.2,18.0,0.0,43.3,99.5
139,38.2,18.0,0.0,43.3,99.5
140,38.2,18.0,0.0,43.3,99.5
141,38.2,18.0,0.0,45.9,102.1
142,38.2,18.0,0.0,45.9,102.1
143,38.2,18.0,0.0,45.9,102.1
144,38.2,18.0,0.0,45.9,102.1
145,38.2,18.0,0.0,45.9,102.1
146,38.2,18.0,0.0,45.9,102.1
147,38.2,0.0,0.0,45.9,84.1
148,38.2,0.0,0.0,45.9,84.1
149,38.2,0.0,0.0,45.9,84.1
150,38.2,0.0,0.0,45.9,84.1
151,38.2,0.0,0.0,45.9,84.1
152,38.2,0.0,0.0,45.9,84.1
153,38.2,0.0,0.0,45.9,84.1
154,38.2,0.0,0.0,45.9,84.1
155,38.2,0.0,0.0,45.9,84.1
156,38.2,0.0,0.0,45.9,84.1
157,38.2,0.0,0.0,45.9,84.1
158,38.2,0.0,0.0,45.9,84.1
159,38.2,0.0,0.0,45.9,84.1
160,38.2,0.0,0.0,45.9,84.1
161,38.2,0.0,0.0,45.9,84.1
162,38.2,0.0,0.0,45.9,84.1
163,38.2,0.0,0.0,45.9,84.1
164,38.2,0.0,0.0,45.9,84.1
165,38.2,0.0,0.0,45.9,84.1
166,38.2,0.0,0.0,45.9,84.1
167,38.2,0.0,0.0,45.9,84.1
168,38.2,0.0,0.0,45.9,84.1
169,38.2,0.0,0.0,45.9,84.1
170,38.2,0.0,0.0,45.9,84.1
171,38.2,0.0,0.0,45.9,84.1
172,38.2,0.0,0.0,45.9,84.1
173,38.2,0.0,0.0,45.9,84.1
174,38.2,0.0,0.0,45.9,84.1
175,38.2,0.0,0.0,45.9,84.1
176,38.2,0.0,0.0,45.9,84.1
177,38.2,0.0,0.0,45.9,84.1
178,38.2,0.0,0.0,45.9,84.1
179,38.2,0.0,0.0,45.9,84.1
180,38.2,0.0,0.0,46.8,85.0
181,38.2,0.0,0.0,46.8,85.0
182,38.2,0.0,0.0,46.8,85.0
183,38.2,0.0,0.0,46.8,85.0
184,38.2,0.0,0.0,46.8,85.0
185,38.2,0.0,0.0,46.8,85.0
186,38.2,0.0,0.0,46.8,85.0
187,38.2,0.0,0.0,46.8,85.0
188,38.2,0.0,0.0,46.8,85.0
189,38.2,0.0,0.0,46.8,85.0
190,38.2,0.0,0.0,46.8,85.0
191,38.2,0.0,0.0,46.8,85.0
192,38.2,0.0,0.0,46.8,85.0
193,38.2,0.0,0.0,46.8,85.0
194,38.2,0.0,0.0,46.8,85.0
195,38.2,0.0,0.0,46.8,85.0
196,38.2,0.0,0.0,46.8,85.0
197,38.2,0.0,0.0,46.8,85.0
198,38.2,0.0,0.0,46.8,85.0
199,38.2,0.0,0.0,46.8,85.0
200,38.2,0.0,0.0,46.8,85.0
201,38.2,0.0,0.0,46.8,85.0
202,38.2,0.0,0.0,46.8,85.0
203,38.2,0.0,0.0,46.8,85.0
204,38.2,0.0,0.0,46.8,85.0
205,38.2,0.0,0.0,4.5,42.7
206,38.2,0.0,0.0,4.5,42.7
207,38.2,0.0,0.0,4.5,42.7
208,38.2,0.0,0.0,4.5,42.7
209,38.2,0.0,0.0,4.5,42.7
210,38.2,0.0,0.0,4.5,42.7
211,38.2,0.0,0.0,4.5,42.7
212,38.2,0.0,0.0,4.5,42.7
213,38.2,0.0,0.0,4.5,42.7
214,38.2,0.0,0.0,4.5,42.7
215,38.2,0.0,0.0,4.5,42.7
216,38.2,0.0,0.0,4.5,42.7
217,38.2,0.0,0.0,4.5,42.7
218,38.2,0.0,0.0,4.5,42.7
219,38.2,0.0,0.0,4.5,42.7
220,38.2,0.0,0.0,4.5,42.7
221,38.2,0.0,0.0,4.5,42.7
222,38.2,0.0,0.0,4.5,42.7
223,38.2,0.0,0.0,4.5,42.7
224,38.2,0.0,0.0,4.5,42.7
225,38.2,0.0,0.0,4.5,42.7
226,38.2,0.0,0.0,4.5,42.7
227,38.2,0.0,0.0,4.5,42.7
228,38.2,0.0,0.0,4.5,42.7
229,38.2,0.0,0.0,4.5,42.7
230,38.2,0.0,0.0,0.0,38.2
231,38.2,0.0,0.0,0.0,38.2
232,38.2,0.0,0.0,0.0,38.2
233,38.2,0.0,0.0,0.0,38.2
234,38.2,0.0,0.0,0.0,38.2
235,38.2,0.0,0.0,0.0,38.2
236,38.2,0.0,0.0,0.0,38.2
237,38.2,0.0,0.0,0.0,38.2
238,38.2,0.0,0.0,0.0,38.2
239,38.2,0.0,0.0,0.0,38.2
240,38.2,0.0,0.0,0.0,38.2
241,38.2,0.0,0.0,0.0,38.2
242,38.2,0.0,0.0,0.0,38.2
243,38.2,0.0,0.0,0.0,38.2
244,38.2,0.0,0.0,0.0,38.2
245,38.2,0.0,0.0,0.0,38.2
246,38.2,0.0,0.0,0.0,38.2
247,38.2,0.0,0.0,0.0,38.2
248,38.2,0.0,0.0,0.0,38.2
249,38.2,0.0,0.0,0.0,38.2
250,38.2,0.0,0.0,0.0,38.2
251,38.2,0.0,0.0,0.0,38.2
252,38.2,0.0,0.0,0.0,38.2
253,38.2,0.0,0.0,0.0,38.2
254,38.2,0.0,0.0,0.0,38.2
255,38.2,0.0,0.0,0.0,38.2
256,38.2,0.0,0.0,0.0,38.2
257,38.2,0.0,0.0,0.0,38.2
258,38.2,0.0,0.0,0.0,38.2
259,38.2,0.0,0.0,0.0,38.2
260,38.2,0.0,0.0,0.0,38.2
261,38.2,0.0,0.0,0.0,38.2
262,38.2,0.0,0.0,0.0,38.2
263,38.2,0.0,0.0,0.0,38.2
264,38.2,0.0,0.0,0.0,38.2
265,38.2,0.0,0.0,0.0,38.2
266,38.2,0.0,0.0,0.0,38.2
267,38.2,0.0,0.0,0.0,38.2
268,38.2,0.0,0.0,0.0,38.2
269,38.2,0.0,0.0,0.0,38.2
270,38.2,0.0,0.0,0.0,38.2
271,38.2,0.0,0.0,0.0,38.2
272,38.2,0.0,0.0,0.0,38.2
273,38.2,0.0,0.0,0.0,38.2
274,38.2,0.0,0.0,0.0,38.2
275,38.2,0.0,0.0,0.0,38.2
276,38.2,0.0,0.0,0.0,38.2
277,38.2,0.0,0.0,0.0,38.2
278,38.2,0.0,0.0,0.0,38.2
279,38.2,0.0,0.0,0.0,38.2
280,38.2,0.0,0.0,0.0,38.2
281,38.2,0.0,0.0,0.0,38.2
282,38.2,0.0,0.0,0.0,38.2
283,38.2,0.0,0.0,0.0,38.2
284,38.2,0.0,0.0,0.0,38.2
285,38.2,0.0,0.0,0.0,38.2
286,38.2,0.0,0.0,0.0,38.2
287,38.2,0.0,0.0,0.0,38.2
288,38.2,0.0,0.0,0.0,38.2
289,38.2,0.0,0.0,0.0,38.2
290,38.2,0.0,0.0,0.0,38.2
291,38.2,0.0,0.0,0.0,38.2
292,38.2,0.0,0.0,0.0,38.2
293,38.2,0.0,0.0,0.0,38.2
294,38.2,0.0,0.0,0.0,38.2
295,38.2,0.0,0.0,0.0,38.2
296,38.2,0.0,0.0,0.0,38.2
297,38.2,0.0,0.0,0.0,38.2
298,38.2,0.0,0.0,0.0,38.2
299,38.2,0.0,0.0,0.0,38.2
300,38.2,0.0,0.0,0.0,38.2
301,38.2,0.0,0.0,0.0,38.2
302,38.2,0.0,0.0,0.0,38.2
303,38.2,0.0,0.0,0.0,38.2
304,38.2,0.0,0.0,0.0,38.2
305,38.2,0.0,0.0,0.0,38.2
306,38.2,0.0,0.0,0.0,38.2
307,38.2,0.0,0.0,0.0,38.2
308,38.2,0.0,0.0,0.0,38.2
309,38.2,0.0,0.0,0.0,38.2
310,38.2,0.0,0.0,0.0,38.2
311,38.2,0.0,0.0,0.0,38.2
312,38.2,0.0,0.0,0.0,38.2
313,38.2,0.0,0.0,0.0,38.2
314,38.2,0.0,0.0,0.0,38.2
315,38.2,0.0,0.0,0.0,38.2
316,38.2,0.0,0.0,0.0,38.2
317,38.2,0.0,0.0,0.0,38.2
318,38.2,0.0,0.0,0.0,38.2
319,38.2,0.0,0.0,0.0,38.2
320,38.2,0.0,0.0,0.0,38.2
321,38.2,0.0,0.0,0.0,38.2
322,38.2,0.0,0.0,0.0,38.2
323,38.2,0.0,0.0,0.0,38.2
324,38.2,0.0,0.0,0.0,38.2
325,38.2,0.0,0.0,0.0,38.2
326,38.2,0.0,0.0,0.0,38.2
327,38.2,0.0,0.0,0.0,38.2
328,38.2,0.0,0.0,0.0,38.2
329,38.2,0.0,0.0,0.0,38.2
330,38.2,0.0,0.0,0.0,38.2
331,38.2,0.0,0.0,0.0,38.2
332,38.2,0.0,0.0,0.0,38.2
333,38.2,0.0,0.0,0.0,38.2
334,38.2,0.0,0.0,0.0,38.2
335,38.2,0.0,0.0,0.0,38.2
336,38.2,0.0,0.0,0.0,38.2
337,38.2,0.0,0.0,0.0,38.2
338,38.2,0.0,0.0,0.0,38.2
339,38.2,0.0,0.0,0.0,38.2
340,38.2,0.0,0.0,0.0,38.2
341,38.2,0.0,0.0,0.0,38.2
342,38.2,0.0,0.0,0.0,38.2
343,38.2,0.0,0.0,0.0,38.2
344,38.2,0.0,0.0,0.0,38.2
345,38.2,0.0,0.0,0.0,38.2
346,38.2,0.0,0.0,0.0,38.2
347,38.2,0.0,0.0,0.0,38.2
348,38.2,0.0,0.0,0.0,38.2
349,38.2,0.0,0.0,0.0,38.2
350,38.2,0.0,0.0,0.0,38.2
351,38.2,0.0,0.0,0.0,38.2
352,38.2,0.0,0.0,0.0,38.2
353,38.2,0.0,0.0,0.0,38.2
354,38.2,0.0,0.0,0.0,38.2
355,38.2,0.0,0.0,0.0,38.2
356,38.2,0.0,0.0,0.0,38.2
357,38.2,0.0,0.0,0.0,38.2
358,38.2,0.0,0.0,0.0,38.2
359,38.2,0.0,0.0,0.0,38.2
360,38.2,0.0,0.0,0.0,38.2
361,38.2,0.0,0.0,0.0,38.2
362,38.2,0.0,0.0,0.0,38.2
363,38.2,0.0,0.0,0.0,38.2
364,38.2,0.0,0.0,0.0,38.2
365,38.2,0.0,0.0,0.0,38.2
366,38.2,0.0,0.0,0.0,38.2
367,38.2,0.0,0.0,0.0,38.2
368,38.2,0.0,0.0,0.0,38.2
369,38.2,0.0,0.0,0.0,38.2
370,38.2,0.0,0.0,0.0,38.2
371,38.2,0.0,0.0,0.0,38.2
372,38.2,0.0,0.0,0.0,38.2
373,38.2,0.0,0.0,0.0,38.2
374,38.2,0.0,0.0,0.0,38.2
375,38.2,0.0,0.0,0.0,38.2
376,38.2,0.0,0.0,0.0,38.2
377,38.2,0.0,0.0,0.0,38.2
378,38.2,0.0,0.0,0.0,38.2
379,38.2,0.0,0.0,0.0,38.2
380,38.2,0.0,0.0,0.0,38.2
381,38.2,0.0,0.0,0.0,38.2
382,38.2,0.0,0.0,0.0,38.2
383,38.2,0.0,0.0,0.0,38.2
384,38.2,0.0,0.0,0.0,38.2
385,38.2,0.0,0.0,0.0,38.2
386,38.2,0.0,0.0,0.0,38.2
387,38.2,0.0,0.0,0.0,38.2
388,38.2,0.0,0.0,0.0,38.2
389,38.2,0.0,0.0,0.0,38.2
390,38.2,0.0,0.0,0.0,38.2
391,38.2,0.0,0.0,0.0,38.2
392,38.2,0.0,0.0,0.0,38.2
393,38.2,0.0,0.0,0.0,38.2
394,38.2,0.0,0.0,0.0,38.2
395,38.2,0.0,0.0,0.0,38.2
396,38.2,0.0,0.0,0.0,38.2
397,38.2,0.0,0.0,0.0,38.2
398,38.2,0.0,0.0,0.0,38.2
399,38.2,0.0,0.0,0.0,38.2
400,38.2,0.0,0.0,0.0,38.2
401,38.2,0.0,0.0,0.0,38.2
402,38.2,0.0,0.0,0.0,38.2
403,38.2,0.0,0.0,0.0,38.2
404,38.2,0.0,0.0,0.0,38.2
405,38.2,0.0,0.0,0.0,38.2
406,38.2,0.0,0.0,0.0,38.2
407,38.2,0.0,0.0,0.0,38.2
408,38.2,0.0,0.0,0.0,38.2
409,38.2,0.0,0.0,0.0,38.2
410,38.2,0.0,0.0,0.0,38.2
411,38.2,0.0,0.0,0.0,38.2
412,38.2,0.0,0.0,0.0,38.2
413,38.2,0.0,0.0,0.0,38.2
414,38.2,0.0,0.0,0.0,38.2
415,38.2,0.0,0.0,0.0,38.2
416,38.2,0.0,0.0,0.0,38.2
417,38.2,0.0,0.0,0.0,38.2
418,38.2,0.0,0.0,0.0,38.2
419,38.2,0.0,0.0,0.0,38.2
420,38.2,0.0,0.0,0.0,38.2
421,38.2,0.0,0.0,0.0,38.2
422,38.2,0.0,0.0,0.0,38.2
423,38.2,0.0,0.0,0.0,38.2
424,38.2,0.0,0.0,0.0,38.2
425,38.2,0.0,0.0,0.0,38.2
426,38.2,0.0,0.0,0.0,38.2
427,38.2,0.0,0.0,0.0,38.2
428,38.2,0.0,0.0,0.0,38.2
429,38.2,0.0,0.0,0.0,38.2
430,38.2,0.0,0.0,0.0,38.2
431,38.2,0.0,0.0,0.0,38.2
432,38.2,0.0,0.0,0.0,38.2
433,38.2,0.0,0.0,0.0,38.2
434,38.2,0.0,0.0,0.0,38.2
435,38.2,0.0,0.0,0.0,38.2
436,38.2,0.0,0.0,0.0,38.2
437,38.2,0.0,0.0,0.0,38.2
438,38.2,0.0,0.0,0.0,38.2
439,38.2,0.0,0.0,0.0,38.2
440,38.2,0.0,0.0,0.0,38.2
441,38.2,0.0,0.0,0.0,38.2
442,38.2,0.0,0.0,0.0,38.2
443,38.2,0.0,0.0,0.0,38.2
444,38.2,0.0,0.0,0.0,38.2
445,38.2,0.0,0.0,0.0,38.2
446,38.2,0.0,0.0,0.0,38.2
447,38.2,0.0,0.0,0.0,38.2
448,38.2,0.0,0.0,0.0,38.2
449,38.2,0.0,0.0,0.0,38.2
450,38.2,0.0,0.0,0.0,38.2
451,38.2,0.0,0.0,0.0,38.2
452,38.2,0.0,0.0,0.0,38.2
453,38.2,0.0,0.0,0.0,38.2
454,38.2,0.0,0.0,0.0,38.2
455,38.2,0.0,0.0,0.0,38.2
456,38.2,0.0,0.0,0.0,38.2
457,38.2,0.0,0.0,0.0,38.2
458,38.2,0.0,0.0,0.0,38.2
459,38.2,0.0,0.0,0.0,38.2
460,38.2,0.0,0.0,0.0,38.2
461,38.2,0.0,0.0,0.0,38.2
462,38.2,0.0,0.0,0.0,38.2
463,38.2,0.0,0.0,0.0,38.2
464,38.2,0.0,0.0,0.0,38.2
465,38.2,0.0,0.0,0.0,38.2
466,38.2,0.0,0.0,0.0,38.2
467,38.2,0.0,0.0,0.0,38.2
468,38.2,0.0,0.0,0.0,38.2
469,38.2,0.0,0.0,0.0,38.2
470,38.2,0.0,0.0,0.0,38.2
471,38.2,0.0,0.0,0.0,38.2
472,38.2,0.0,0.0,0.0,38.2
473,38.2,0.0,0.0,0.0,38.2
474,38.2,0.0,0.0,0.0,38.2
475,38.2,0.0,0.0,0.0,38.2
476,38.2,0.0,0.0,0.0,38.2
477,38.2,0.0,0.0,0.0,38.2
478,38.2,0.0,0.0,0.0,38.2
479,38.2,0.0,0.0,0.0,38.2
480,38.2,0.0,0.0,0.0,38.2
481,38.2,0.0,0.0,0.0,38.2
482,38.2,0.0,0.0,0.0,38.2
483,38.2,0.0,0.0,0.0,38.2
484,38.2,0.0,0.0,0.0,38.2
485,38.2,0.0,0.0,0.0,38.2
486,38.2,0.0,0.0,0.0,38.2
487,38.2,0.0,0.0,0.0,38.2
488,38.2,0.0,0.0,0.0,38.2
489,38.2,0.0,0.0,0.0,38.2
490,38.2,0.0,0.0,0.0,38.2
491,38.2,0.0,0.0,0.0,38.2
492,38.2,0.0,0.0,0.0,38.2
493,38.2,0.0,0.0,0.0,38.2
494,38.2,0.0,0.0,0.0,38.2
495,38.2,0.0,0.0,0.0,38.2
496,38.2,0.0,0.0,0.0,38.2
497,38.2,0.0,0.0,0.0,38.2
498,38.2,0.0,0.0,0.0,38.2
499,38.2,0.0,0.0,0.0,38.2
500,38.2,0.0,0.0,0.0,38.2
501,38.2,0.0,0.0,0.0,38.2
502,38.2,0.0,0.0,0.0,38.2
503,38.2,0.0,0.0,0.0,38.2
504,38.2,0.0,0.0,0.0,38.2
505,38.2,0.0,0.0,0.0,38.2
506,38.2,0.0,0.0,0.0,38.2
507,38.2,0.0,0.0,0.0,38.2
508,38.2,0.0,0.0,0.0,38.2
509,38.2,0.0,0.0,0.0,38.2
510,38.2,0.0,0.0,0.0,38.2
511,38.2,0.0,0.0,0.0,38.2
512,38.2,0.0,0.0,0.0,38.2
513,38.2,0.0,0.0,0.0,38.2
514,38.2,0.0,0.0,0.0,38.2
515,38.2,0.0,0.0,0.0,38.2
516,38.2,0.0,0.0,0.0,38.2
517,38.2,0.0,0.0,0.0,38.2
518,38.2,0.0,0.0,0.0,38.2
519,38.2,0.0,0.0,0.0,38.2
520,38.2,0.0,0.0,0.0,38.2
521,38.2,0.0,0.0,0.0,38.2
522,38.2,0.0,0.0,0.0,38.2
523,38.2,0.0,0.0,0.0,38.2
524,38.2,0.0,0.0,0.0,38.2
525,38.2,0.0,0.0,0.0,38.2
526,38.2,0.0,0.0,0.0,38.2
527,38.2,0.0,0.0,0.0,38.2
528,38.2,0.0,0.0,0.0,38.2
529,38.2,0.0,0.0,0.0,38.2
530,38.2,0.0,0.0,0.0,38.2
531,38.2,0.0,0.0,0.0,38.2
532,38.2,0.0,0.0,0.0,38.2
533,38.2,0.0,0.0,0.0,38.2
534,38.2,0.0,0.0,0.0,38.2
535,38.2,0.0,0.0,0.0,38.2
536,38.2,0.0,0.0,0.0,38.2
537,38.2,0.0,0.0,0.0,38.2
538,38.2,0.0,0.0,0.0,38.2
539,38.2,0.0,0.0,0.0,38.2
540,38.2,0.0,0.0,0.0,38.2
541,38.2,0.0,0.0,0.0,38.2
542,38.2,0.0,0.0,0.0,38.2
543,38.2,0.0,0.0,0.0,38.2
544,38.2,0.0,0.0,0.0,38.2
545,38.2,0.0,0.0,0.0,38.2
546,38.2,0.0,0.0,0.0,38.2
547,38.2,0.0,0.0,0.0,38.2
548,38.2,0.0,0.0,0.0,38.2
549,38.2,0.0,0.0,0.0,38.2
550,38.2,0.0,0.0,0.0,38.2
551,38.2,0.0,0.0,0.0,38.2
552,38.2,0.0,0.0,0.0,38.2
553,38.2,0.0,0.0,0.0,38.2
554,38.2,0.0,0.0,0.0,38.2
555,38.2,0.0,0.0,0.0,38.2
556,38.2,0.0,0.0,0.0,38.2
557,38.2,0.0,0.0,0.0,38.2
558,38.2,0.0,0.0,0.0,38.2
559,38.2,0.0,0.0,0.0,38.2
560,38.2,0.0,0.0,0.0,38.2
561,38.2,0.0,0.0,0.0,38.2
562,38.2,0.0,0.0,0.0,38.2
563,38.2,0.0,0.0,0.0,38.2
564,38.2,0.0,0.0,0.0,38.2
565,38.2,0.0,0.0,0.0,38.2
566,38.2,0.0,0.0,0.0,38.2
567,38.2,6.3,0.0,0.0,44.5
568,38.2,6.3,0.0,0.0,44.5
569,38.2,6.3,0.0,0.0,44.5
570,38.2,6.3,0.0,0.0,44.5
571,38.2,6.3,0.0,0.0,44.5
572,38.2,6.3,0.0,0.0,44.5
573,38.2,6.3,0.0,0.0,44.5
574,38.2,6.3,0.0,0.0,44.5
575,38.2,6.3,0.0,0.0,44.5
576,38.2,6.3,0.0,0.0,44.5
577,38.2,6.3,0.0,0.0,44.5
578,38.2,6.3,0.0,0.0,44.5
579,38.2,6.3,0.0,0.0,44.5
580,38.2,6.3,0.0,0.0,44.5
581,38.2,6.3,0.0,0.0,44.5
582,38.2,6.3,0.0,0.0,44.5
583,38.2,6.3,0.0,0.0,44.5
584,38.2,6.3,0.0,0.0,44.5
585,38.2,6.3,0.0,0.0,44.5
586,38.2,6.3,0.0,0.0,44.5
587,38.2,6.3,0.0,0.0,44.5
588,38.2,6.3,0.0,0.0,44.5
589,38.2,6.3,0.0,0.0,44.5
590,38.2,6.3,0.0,0.0,44.5
591,38.2,6.3,0.0,0.0,44.5
592,38.2,6.3,0.0,0.0,44.5
593,38.2,6.3,0.0,0.0,44.5
594,38.2,6.3,0.0,0.0,44.5
595,38.2,6.3,0.0,0.0,44.5
596,38.2,6.3,0.0,0.0,44.5
597,38.2,6.3,0.0,0.0,44.5
598,38.2,6.3,0.0,0.0,44.5
599,38.2,6.3,0.0,0.0,44.5
600,38.2,6.3,0.0,0.0,44.5
601,38.2,6.3,0.0,0.0,44.5
602,38.2,6.3,0.0,0.0,44.5
603,38.2,6.3,0.0,0.0,44.5
604,38.2,6.3,0.0,0.0,44.5
605,38.2,6.3,0.0,0.0,44.5
606,38.2,6.3,0.0,0.0,44.5
607,38.2,6.3,0.0,0.0,44.5
608,38.2,6.3,0.0,0.0,44.5
609,38.2,6.3,0.0,0.0,44.5
610,38.2,6.3,0.0,0.0,44.5
611,38.2,6.3,0.0,0.0,44.5
612,38.2,6.3,0.0,0.0,44.5
613,38.2,20.8,0.0,0.0,59.0
614,38.2,20.8,0.0,0.0,59.0
615,38.2,20.8,0.0,0.0,59.0
616,38.2,20.8,0.0,0.0,59.0
617,38.2,20.8,0.0,0.0,59.0
618,38.2,20.8,0.0,0.0,59.0
619,38.2,20.8,0.0,0.0,59.0
620,38.2,20.8,0.0,0.0,59.0
621,38.2,20.8,0.0,0.0,59.0
622,38.2,20.8,0.0,0.0,59.0
623,38.2,20.8,0.0,0.0,59.0
624,38.2,20.8,0.0,0.0,59.0
625,38.2,20.8,0.0,0.0,59.0
626,38.2,20.8,0.0,0.0,59.0
627,38.2,20.8,0.0,0.0,59.0
628,38.2,20.8,0.0,0.0,59.0
629,38.2,20.8,0.0,0.0,59.0
630,38.2,20.8,0.0,0.0,59.0
631,38.2,20.8,0.0,0.0,59.0
632,38.2,20.8,0.0,0.0,59.0
633,38.2,20.8,0.0,0.0,59.0
634,38.2,20.8,0.0,0.0,59.0
635,38.2,20.8,0.0,0.0,59.0
636,38.2,20.8,0.0,0.0,59.0
637,38.2,20.8,0.0,0.0,59.0
638,38.2,20.8,0.0,0.0,59.0
639,38.2,20.8,0.0,0.0,59.0
640,38.2,20.8,0.0,0.0,59.0
641,38.2,18.8,0.0,0.0,57.0
642,38.2,18.8,0.0,0.0,57.0
643,38.2,18.8,0.0,0.0,57.0
644,38.2,18.8,0.0,0.0,57.0
645,38.2,18.8,0.0,0.0,57.0
646,38.2,18.8,0.0,0.0,57.0
647,38.2,18.8,0.0,0.0,57.0
648,38.2,18.8,0.0,0.0,57.0
649,38.2,18.8,0.0,0.0,57.0
650,38.2,18.8,0.0,0.0,57.0
651,38.2,18.8,0.0,0.0,57.0
652,38.2,18.8,0.0,0.0,57.0
653,38.2,18.8,0.0,0.0,57.0
654,38.2,18.8,0.0,0.0,57.0
655,38.2,18.8,0.0,0.0,57.0
656,38.2,19.6,0.0,0.0,57.800000000000004
657,38.2,19.6,0.0,0.0,57.800000000000004
658,38.2,19.6,0.0,0.0,57.800000000000004
659,38.2,19.6,0.0,0.0,57.800000000000004
660,38.2,19.6,0.0,0.0,57.800000000000004
661,38.2,19.6,0.0,0.0,57.800000000000004
662,38.2,19.6,0.0,0.0,57.800000000000004
663,38.2,19.6,0.0,0.0,57.800000000000004
664,38.2,19.6,0.0,0.0,57.800000000000004
665,38.2,19.6,0.0,0.0,57.800000000000004
666,38.2,19.6,0.0,0.0,57.800000000000004
667,38.2,19.6,0.0,0.0,57.800000000000004
668,38.2,19.6,0.0,0.0,57.800000000000004
669,38.2,19.6,0.0,0.0,57.800000000000004
670,38.2,19.6,0.0,0.0,57.800000000000004
671,38.2,19.6,0.0,0.0,57.800000000000004
672,38.2,19.6,0.0,0.0,57.800000000000004
673,38.2,19.6,0.0,0.0,57.800000000000004
674,38.2,19.6,0.0,0.0,57.800000000000004
675,38.2,19.6,0.0,0.0,57.800000000000004
676,38.2,19.6,0.0,0.0,57.800000000000004
677,38.2,19.6,0.0,0.0,57.800000000000004
678,38.2,28.4,0.0,0.0,66.6
679,38.2,28.4,0.0,0.0,66.6
680,38.2,28.4,0.0,0.0,66.6
681,38.2,28.4,0.0,0.0,66.6
682,38.2,28.4,0.0,0.0,66.6
683,38.2,28.4,0.0,0.0,66.6
684,38.2,28.4,0.0,0.0,66.6
685,38.2,28.4,0.0,0.0,66.6
686,38.2,28.4,0.0,0.0,66.6
687,38.2,28.4,0.0,0.0,66.6
688,38.2,28.4,0.0,0.0,66.6
689,38.2,28.4,0.0,0.0,66.6
690,38.2,28.4,0.0,0.0,66.6
691,38.2,28.4,0.0,0.0,66.6
692,38.2,28.4,0.0,0.0,66.6
693,38.2,28.4,0.0,0.0,66.6
694,38.2,28.4,0.0,0.0,66.6
695,38.2,28.4,0.0,0.0,66.6
696,38.2,28.4,0.0,0.0,66.6
697,38.2,28.4,0.0,0.0,66.6
698,38.2,28.4,0.0,0.0,66.6
699,38.2,28.4,0.0,0.0,66.6
700,38.2,28.4,0.0,0.0,66.6
701,38.2,28.4,0.0,0.0,66.6
702,38.2,28.4,0.0,0.0,66.6
703,38.2,28.4,0.0,0.0,66.6
704,38.2,28.4,0.0,0.0,66.6
705,38.2,28.4,0.0,0.0,66.6
706,38.2,28.4,0.0,0.0,66.6
707,38.2,28.4,0.0,0.0,66.6
708,38.2,28.4,0.0,0.0,66.6
709,38.2,28.4,0.0,0.0,66.6
710,38.2,28.4,0.0,0.0,66.6
711,38.2,28.4,0.0,0.0,66.6
712,38.2,28.4,0.0,0.0,66.6
713,38.2,28.4,0.0,0.0,66.6
714,38.2,28.4,0.0,0.0,66.6
715,38.2,28.4,0.0,0.0,66.6
716,38.2,28.4,0.0,0.0,66.6
717,38.2,28.4,0.0,0.0,66.6
718,38.2,28.4,0.0,0.0,66.6
719,38.2,28.4,0.0,0.0,66.6
720,38.2,28.4,0.0,0.0,66.6
721,38.2,28.4,0.0,0.0,66.6
722,38.2,28.4,0.0,0.0,66.6
723,38.2,28.4,0.0,0.0,66.6
724,38.2,28.4,0.0,0.0,66.6
725,38.2,28.4,0.0,0.0,66.6
726,38.2,28.4,0.0,0.0,66.6
727,38.2,28.4,0.0,0.0,66.6
728,38.2,28.4,0.0,0.0,66.6
729,38.2,28.4,0.0,0.0,66.6
730,38.2,28.4,0.0,0.0,66.6
731,38.2,28.4,0.0,0.0,66.6
732,38.2,28.4,0.0,0.0,66.6
733,38.2,28.4,0.0,0.0,66.6
734,38.2,28.4,0.0,0.0,66.6
735,38.2,28.4,0.0,0.0,66.6
736,38.2,28.4,0.0,0.0,66.6
737,38.2,28.4,0.0,0.0,66.6
738,38.2,28.4,0.0,0.0,66.6
739,38.2,28.4,0.0,0.0,66.6
740,38.2,28.4,0.0,0.0,66.6
741,38.2,28.4,0.0,0.0,66.6
742,38.2,39.9,0.0,0.0,78.1
743,38.2,39.9,0.0,0.0,78.1
744,38.2,39.9,0.0,0.0,78.1
745,38.2,39.9,0.0,0.0,78.1
746,38.2,39.9,0.0,0.0,78.1
747,38.2,39.9,0.0,0.0,78.1
748,38.2,39.9,0.0,0.0,78.1
749,38.2,39.9,0.0,0.0,78.1
750,38.2,39.9,0.0,0.0,78.1
751,38.2,39.9,0.0,0.0,78.1
752,38.2,39.9,0.0,0.0,78.1
753,38.2,39.9,0.0,0.0,78.1
754,38.2,39.9,0.0,0.0,78.1
755,38.2,39.9,0.0,0.0,78.1
756,38.2,39.9,0.0,0.0,78.1
757,38.2,39.9,0.0,0.0,78.1
758,38.2,39.9,0.0,0.0,78.1
759,38.2,39.9,0.0,0.0,78.1
760,38.2,39.9,0.0,0.0,78.1
761,38.2,39.9,0.0,0.0,78.1
762,38.2,39.9,0.0,0.0,78.1
763,38.2,39.9,0.0,0.0,78.1
764,38.2,39.9,0.0,0.0,78.1
765,38.2,39.9,0.0,0.0,78.1
766,38.2,39.9,0.0,0.0,78.1
767,38.2,39.9,0.0,0.0,78.1
768,38.2,39.9,0.0,0.0,78.1
769,38.2,39.9,0.0,0.0,78.1
770,38.2,39.9,0.0,0.0,78.1
771,38.2,39.9,0.0,0.0,78.1
772,38.2,39.9,0.0,0.0,78.1
773,38.2,39.9,0.0,0.0,78.1
774,38.2,39.9,0.0,0.0,78.1
775,38.2,39.9,0.0,0.0,78.1
776,38.2,31.1,0.0,0.0,69.30000000000001
777,38.2,31.1,0.0,0.0,69.30000000000001
778,38.2,31.1,0.0,0.0,69.30000000000001
779,38.2,31.1,0.0,0.0,69.30000000000001
780,38.2,31.1,0.0,0.0,69.30000000000001
781,38.2,31.1,0.0,0.0,69.30000000000001
782,38.2,31.1,0.0,0.0,69.30000000000001
783,38.2,31.1,0.0,0.0,69.30000000000001
784,38.2,31.1,0.0,0.0,69.30000000000001
785,38.2,31.1,0.0,0.0,69.30000000000001
786,38.2,31.1,0.0,0.0,69.30000000000001
787,38.2,31.1,0.0,0.0,69.30000000000001
788,38.2,31.1,0.0,0.0,69.30000000000001
789,38.2,31.1,0.0,0.0,69.30000000000001
790,38.2,31.1,0.0,0.0,69.30000000000001
791,38.2,31.1,0.0,0.0,69.30000000000001
792,38.2,31.1,0.0,0.0,69.30000000000001
793,38.2,31.1,0.0,0.0,69.30000000000001
794,38.2,31.1,0.0,0.0,69.30000000000001
795,38.2,31.1,0.0,0.0,69.30000000000001
796,38.2,31.1,0.0,0.0,69.30000000000001
797,38.2,31.1,0.0,0.0,69.30000000000001
798,38.2,31.1,0.0,0.0,69.30000000000001
799,38.2,31.1,0.0,0.0,69.30000000000001
800,38.2,31.1,0.0,0.0,69.30000000000001
801,38.2,31.1,0.0,0.0,69.30000000000001
802,38.2,31.1,0.0,0.0,69.30000000000001
803,38.2,31.1,0.0,0.0,69.30000000000001
804,38.2,31.1,0.0,0.0,69.30000000000001
805,38.2,31.1,0.0,0.0,69.30000000000001
806,38.2,31.1,0.0,0.0,69.30000000000001
807,38.2,31.1,0.0,0.0,69.30000000000001
808,38.2,31.1,0.0,0.0,69.30000000000001
809,38.2,31.1,0.0,0.0,69.30000000000001
810,38.2,31.1,0.0,0.0,69.30000000000001
811,38.2,31.1,0.0,0.0,69.30000000000001
812,38.2,30.7,0.0,0.0,68.9
813,38.2,30.7,0.0,0.0,68.9
814,38.2,30.7,0.0,0.0,68.9
815,38.2,30.7,0.0,0.0,68.9
816,38.2,30.7,0.0,0.0,68.9
817,38.2,30.7,0.0,0.0,68.9
818,38.2,30.7,0.0,0.0,68.9
819,38.2,30.7,0.0,0.0,68.9
820,38.2,30.7,0.0,0.0,68.9
821,38.2,30.7,0.0,0.0,68.9
822,38.2,30.7,0.0,0.0,68.9
823,38.2,30.7,0.0,0.0,68.9
824,38.2,30.7,0.0,0.0,68.9
825,38.2,30.7,0.0,0.0,68.9
826,38.2,30.7,0.0,0.0,68.9
827,38.2,30.7,0.0,0.0,68.9
828,38.2,30.7,0.0,0.0,68.9
829,38.2,30.7,0.0,0.0,68.9
830,38.2,30.7,0.0,0.0,68.9
831,38.2,30.7,0.0,0.0,68.9
832,38.2,30.7,0.0,0.0,68.9
833,38.2,30.7,0.0,0.0,68.9
834,38.2,30.7,0.0,0.0,68.9
835,38.2,30.7,0.0,0.0,68.9
836,38.2,30.7,0.0,0.0,68.9
837,38.2,30.7,0.0,0.0,68.9
838,38.2,29.0,0.0,0.0,67.2
839,38.2,29.0,0.0,0.0,67.2
840,38.2,29.0,0.0,0.0,67.2
841,38.2,29.0,0.0,0.0,67.2
842,38.2,29.0,0.0,0.0,67.2
843,38.2,29.0,0.0,0.0,67.2
844,38.2,29.0,0.0,0.0,67.2
845,38.2,29.0,0.0,0.0,67.2
846,38.2,29.0,0.0,0.0,67.2
847,38.2,29.0,0.0,0.0,67.2
848,38.2,29.0,0.0,0.0,67.2
849,38.2,29.0,0.0,0.0,67.2
850,38.2,29.0,0.0,0.0,67.2
851,38.2,29.0,0.0,0.0,67.2
852,38.2,29.0,0.0,0.0,67.2
853,38.2,29.0,0.0,0.0,67.2
854,38.2,29.0,0.0,0.0,67.2
855,38.2,29.0,0.0,0.0,67.2
856,38.2,29.0,0.0,0.0,67.2
857,38.2,29.0,0.0,0.0,67.2
858,38.2,29.0,0.0,0.0,67.2
859,38.2,29.0,0.0,0.0,67.2
860,38.2,29.0,0.0,0.0,67.2
861,38.2,29.0,0.0,0.0,67.2
862,38.2,29.0,0.0,0.0,67.2
863,38.2,29.0,0.0,0.0,67.2
864,38.2,29.0,0.0,0.0,67.2
865,38.2,29.0,0.0,0.0,67.2
866,38.2,29.0,0.0,0.0,67.2
867,38.2,29.0,0.0,0.0,67.2
868,38.2,28.2,0.0,0.0,66.4
869,38.2,28.2,0.0,0.0,66.4
870,38.2,28.2,0.0,0.0,66.4
871,38.2,28.2,0.0,0.0,66.4
872,38.2,28.2,0.0,0.0,66.4
873,38.2,28.2,0.0,0.0,66.4
874,38.2,28.2,0.0,0.0,66.4
875,38.2,28.2,0.0,0.0,66.4
876,38.2,28.2,0.0,0.0,66.4
877,38.2,28.2,0.0,0.0,66.4
878,38.2,28.2,0.0,0.0,66.4
879,38.2,28.2,0.0,0.0,66.4
880,38.2,28.2,0.0,0.0,66.4
881,38.2,28.2,0.0,0.0,66.4
882,38.2,28.2,0.0,0.0,66.4
883,38.2,28.2,0.0,0.0,66.4
884,38.2,28.2,0.0,0.0,66.4
885,38.2,28.2,0.0,0.0,66.4
886,38.2,28.2,0.0,0.0,66.4
887,38.2,28.2,0.0,0.0,66.4
888,38.2,28.2,0.0,0.0,66.4
889,38.2,28.2,0.0,0.0,66.4
890,38.2,28.2,0.0,0.0,66.4
891,38.2,28.2,0.0,0.0,66.4
892,38.2,28.2,0.0,0.0,66.4
893,38.2,28.2,0.0,0.0,66.4
894,38.2,28.2,0.0,0.0,66.4
895,38.2,28.2,0.0,0.0,66.4
896,38.2,28.7,0.0,0.0,66.9
897,38.2,28.7,0.0,0.0,66.9
898,38.2,28.7,0.0,0.0,66.9
899,38.2,28.7,0.0,0.0,66.9
900,38.2,28.7,0.0,0.0,66.9
901,38.2,28.7,0.0,0.0,66.9
902,38.2,28.7,0.0,0.0,66.9
903,38.2,28.7,0.0,0.0,66.9
904,38.2,28.7,0.0,0.0,66.9
905,38.2,28.7,0.0,0.0,66.9
906,38.2,28.7,0.0,0.0,66.9
907,38.2,28.7,0.0,0.0,66.9
908,38.2,28.7,0.0,0.0,66.9
909,38.2,28.7,0.0,0.0,66.9
910,38.2,28.7,0.0,0.0,66.9
911,38.2,28.7,0.0,0.0,66.9
912,38.2,28.7,0.0,0.0,66.9
913,38.2,28.7,0.0,0.0,66.9
914,38.2,28.7,0.0,0.0,66.9
915,38.2,28.7,0.0,0.0,66.9
916,38.2,28.7,0.0,0.0,66.9
917,38.2,28.7,0.0,0.0,66.9
918,38.2,28.7,0.0,0.0,66.9
919,38.2,28.7,0.0,0.0,66.9
920,38.2,28.7,0.0,0.0,66.9
921,38.2,28.7,0.0,0.0,66.9
922,38.2,27.6,0.0,0.0,65.80000000000001
923,38.2,27.6,0.0,0.0,65.80000000000001
924,38.2,27.6,0.0,0.0,65.80000000000001
925,38.2,27.6,0.0,0.0,65.80000000000001
926,38.2,27.6,0.0,0.0,65.80000000000001
927,38.2,27.6,0.0,0.0,65.80000000000001
928,38.2,27.6,0.0,0.0,65.80000000000001
929,38.2,27.6,0.0,0.0,65.80000000000001
930,38.2,27.6,18.3,0.0,84.10000000000001
931,38.2,27.6,18.3,0.0,84.10000000000001
932,38.2,27.6,18.3,0.0,84.10000000000001
933,38.2,27.6,18.3,0.0,84.10000000000001
934,38.2,27.6,18.3,0.0,84.10000000000001
935,38.2,27.6,18.3,0.0,84.10000000000001
936,38.2,27.6,18.3,0.0,84.10000000000001
937,38.2,27.6,18.3,0.0,84.10000000000001
938,38.2,27.6,18.3,0.0,84.10000000000001
939,38.2,27.6,18.3,0.0,84.10000000000001
940,38.2,27.6,18.3,0.0,84.10000000000001
941,38.2,27.6,18.3,0.0,84.10000000000001
942,38.2,27.6,18.3,0.0,84.10000000000001
943,38.2,27.6,18.3,0.0,84.10000000000001
944,38.2,27.6,18.3,0.0,84.10000000000001
945,38.2,27.6,18.3,0.0,84.10000000000001
946,38.2,27.6,18.3,0.0,84.10000000000001
947,38.2,27.6,18.3,0.0,84.10000000000001
948,38.2,17.7,18.3,0.0,74.2
949,38.2,17.7,18.3,0.0,74.2
950,38.2,17.7,18.3,0.0,74.2
951,38.2,17.7,18.3,0.0,74.2
952,38.2,17.7,18.3,0.0,74.2
953,38.2,17.7,18.3,0.0,74.2
954,38.2,17.7,18.3,0.0,74.2
955,38.2,17.7,18.3,0.0,74.2
956,38.2,17.7,18.3,0.0,74.2
957,38.2,17.7,22.0,0.0,77.9
958,38.2,17.7,22.0,0.0,77.9
959,38.2,17.7,22.0,0.0,77.9
960,38.2,17.7,22.0,0.0,77.9
961,38.2,17.7,22.0,0.0,77.9
962,38.2,17.7,22.0,0.0,77.9
963,38.2,17.7,22.0,0.0,77.9
964,38.2,17.7,22.0,0.0,77.9
965,38.2,17.7,22.0,0.0,77.9
966,38.2,17.7,22.0,0.0,77.9
967,38.2,17.7,22.0,0.0,77.9
968,38.2,17.7,22.0,0.0,77.9
969,38.2,17.7,22.0,0.0,77.9
970,38.2,17.7,22.0,0.0,77.9
971,38.2,17.7,22.0,0.0,77.9
972,38.2,17.7,22.0,0.0,77.9
973,38.2,17.7,22.0,0.0,77.9
974,38.2,17.7,22.0,0.0,77.9
975,38.2,17.7,22.0,0.0,77.9
976,38.2,17.7,22.0,0.0,77.9
977,38.2,17.7,22.0,0.0,77.9
978,38.2,17.7,22.0,0.0,77.9
979,38.2,17.7,22.0,0.0,77.9
980,38.2,17.7,22.0,0.0,77.9
981,38.2,17.7,22.0,0.0,77.9
982,38.2,17.7,22.0,0.0,77.9
983,38.2,17.7,22.0,0.0,77.9
984,38.2,17.7,22.0,0.0,77.9
985,38.2,17.7,20.4,0.0,76.30000000000001
986,38.2,17.7,20.4,0.0,76.30000000000001
987,38.2,17.7,20.4,0.0,76.30000000000001
988,38.2,17.7,20.4,0.0,76.30000000000001
989,38.2,17.7,20.4,0.0,76.30000000000001
990,38.2,17.7,20.4,0.0,76.30000000000001
991,38.2,17.7,20.4,0.0,76.30000000000001
992,38.2,25.0,20.4,0.0,83.6
993,38.2,25.0,20.4,0.0,83.6
994,38.2,25.0,20.4,0.0,83.6
995,38.2,25.0,20.4,0.0,83.6
996,38.2,25.0,20.4,0.0,83.6
997,38.2,25.0,20.4,0.0,83.6
998,38.2,25.0,20.4,0.0,83.6
999,38.2,25.0,20.4,0.0,83.6
1000,38.2,25.0,20.4,0.0,83.6
